sample,TP53 c. mutation,TP53 p. mutation,GRCh38,TP53 transcript,VAF,primer ID
E10,c.817C>T,p.(Arg273Cys),17:7673803,NM_000546.6,38%,scAmp5
E10,c.817C>T,p.(Arg273Cys),17:7673803,NM_000546.6,38%,scAmp5_II
E1a,c.490A>G,p.(Lys164Glu),17:7675122,NM_000546.6,9%,scAmp3
E1b,c.490A>G,p.(Lys164Glu),17:7675122,NM_000546.6,9%,scAmp3
E1c,c.490A>G,p.(Lys164Glu),17:7675122,NM_000546.6,12%,scAmp3
E3,c.524G>A,p.(Arg175His),17:7675088,NM_000546.6,7%,scAmp3
E4a,c.743G>A,p.(Arg248Trp),17:7674221,NM_000546.6,15%,scAmp4
E4a,c.814G>A,p.(Val272Met),17:7673806,NM_000546.5,2%,scAmp5
E4a,c.814G>A,p.(Val272Met),17:7673806,NM_000546.5,2%,scAmp5_II
E4a,c.818G>A,p.(Arg273Leu),17:7673802,NM_000546.5,2.5%,scAmp5
E4a,c.818G>A,p.(Arg273Leu),17:7673802,NM_000546.5,2.5%,scAmp5_II
E4b,c.41T>C,p.(Leu14Pro),17:7676554,NM_000546.6,1.5%,scAmp1
E4b,c.743G>A,p.(Arg248Trp),17:7674221,NM_000546.6,15%,scAmp4
E4b,c.814G>A,p.(Val272Met),17:7673806,NM_000546.5,2%,scAmp5
E4b,c.814G>A,p.(Val272Met),17:7673806,NM_000546.5,2%,scAmp5_II
E4b,c.818G>A,p.(Arg273Leu),17:7673802,NM_000546.5,2.5%,scAmp5
E4b,c.818G>A,p.(Arg273Leu),17:7673802,NM_000546.5,2.5%,scAmp5_II
E4c,c.743G>A,p.(Arg248Trp),17:7674221,NM_000546.6,11%,scAmp4
E4c,c.814G>A,p.(Val272Met),17:7673806,NM_000546.6,2%,scAmp5
E4c,c.814G>A,p.(Val272Met),17:7673806,NM_000546.6,2%,scAmp5_II
E4c,c.818G>A,p.(Arg273Leu),17:7673802,NM_000546.6,3%,scAmp5
E4c,c.818G>A,p.(Arg273Leu),17:7673802,NM_000546.6,3%,scAmp5_II
E4c,c.41T>C,p.(Leu14Pro),17:7676554,NM_000546.6,,scAmp1
E5,c.830G>T,p.(Cys277Phe),17:7673790,NM_000546.5,11%,scAmp5
E5,c.830G>T,p.(Cys277Phe),17:7673790,NM_000546.5,11%,scAmp5_II
E5,c.743G>A,p.(Arg248Gln),17:7674220,NM_000546.6,15%,scAmp4
E5,c.843C>A,p.(Asp281Glu),17:7673777,NM_000546.5,5%,scAmp5
E5,c.843C>A,p.(Asp281Glu),17:7673777,NM_000546.5,5%,scAmp5_II
E5,c.528C>G,p.(Cys176Trp),17:7675084,NM_000546.5,9%,scAmp3
E6,c.723delC,p.(Cys242AlafsTer5),17:7674240,NM_000546.5,3%,scAmp4
E6,c.733G>A,p.(Gly245Ser),17:7674230,NM_000546.6,45%,scAmp4
E6,c.376-2A>G,,17:7675238,NM_000546.5,5%,scAmp3
E7,c.716A>G,p.(Asn239Ser),17:7674247,NM_000546.6,5%,scAmp4
E7,c.659A>G,p.(Tyr220Cys),17:7674872,NM_000546.6,6%,scAmp4
E8a,c.659A>G,p.(Tyr220Cys),17:7674872,NM_000546.6,35%,scAmp4
E8a,c.725G>T,p.(Cys242Phe),17:7674238,NM_000546.5,4%,scAmp4
E8b,c.764T>G,p.(Ile255Ser),17:7674199,NM_000546.6,1%,scAmp4
E8b,c.764T>G,p.(Ile255Ser),17:7674199,NM_000546.6,1%,scAmp5
E8b,c.795_796insCCTCTTGCT,p.(Leu265_Gly266insProLeuAla),17:7673824,NM_000546.6,10%,scAmp5
E8b,c.795_796insCCTCTTGCT,p.(Leu265_Gly266insProLeuAla),17:7673824,NM_000546.6,10%,scAmp5_II
E8b,c.659A>G,p.(Tyr220Cys),17:7674872,NM_000546.6,41%,scAmp4
E8b,c.725G>T,p.(Cys242Phe),17:7674238,NM_000546.6,6%,scAmp4
E8c,c.764T>G,p.(Ile255Ser),17:7674199,NM_000546.6,1%,scAmp4
E8c,c.764T>G,p.(Ile255Ser),17:7674199,NM_000546.6,1%,scAmp5
E8c,c.795_796insCCTCTTGCT,p.(Leu265_Gly266insProLeuAla),17:7673824,NM_000546.6,14%,scAmp5
E8c,c.795_796insCCTCTTGCT,p.(Leu265_Gly266insProLeuAla),17:7673824,NM_000546.6,14%,scAmp5_II
E8c,c.659A>G,p.(Tyr220Cys),17:7674872,NM_000546.6,44%,scAmp4
E8c,c.725G>T,p.(Cys242Phe),17:7674238,NM_000546.6,7%,scAmp4
E9,c.713G>A,p.(Cys238Tyr),17:7674250,NM_000546.6,31%,scAmp4
SDS3,c.524G>A,p.(Arg175His),17:7675088,NM_000546.6,0.7%,scAmp3
SDS4,c.818G>A,p.(Arg273His),17:7673802,NM_000546.6,2%,scAmp5
SDS4,c.818G>A,p.(Arg273His),17:7673802,NM_000546.6,2%,scAmp5_II
SDS4,c.833C>T,p.(Pro278Leu),17:7673787,NM_000546.6,3%,scAmp5
SDS4,c.833C>T,p.(Pro278Leu),17:7673787,NM_000546.6,3%,scAmp5_II
SDS4,c.329G>C,p.(Arg110Pro),17:7676040,NM_000546.6,4%,scAmp2
SDS5a,c.713G>C,p.(Cys238Ser),17:7674250,NM_000546.6,72%,scAmp4
SDS5b,c.713G>C,p.(Cys238Ser),17:7674250,NM_000546.6,55%,scAmp4
